-- phpMyAdmin SQL Dump
-- version 5.2.1
-- https://www.phpmyadmin.net/
--
-- Servidor: 127.0.0.1
-- Tiempo de generación: 26-10-2024 a las 02:11:10
-- Versión del servidor: 10.4.32-MariaDB
-- Versión de PHP: 8.0.30

SET SQL_MODE = "NO_AUTO_VALUE_ON_ZERO";
START TRANSACTION;
SET time_zone = "+00:00";


/*!40101 SET @OLD_CHARACTER_SET_CLIENT=@@CHARACTER_SET_CLIENT */;
/*!40101 SET @OLD_CHARACTER_SET_RESULTS=@@CHARACTER_SET_RESULTS */;
/*!40101 SET @OLD_COLLATION_CONNECTION=@@COLLATION_CONNECTION */;
/*!40101 SET NAMES utf8mb4 */;

--
-- Base de datos: `energias_renovables`
--

-- --------------------------------------------------------

--
-- Estructura de tabla para la tabla `energia_emisiones`
--

CREATE TABLE `energia_emisiones` (
  `id` int(11) NOT NULL,
  `proyecto_id` int(11) DEFAULT NULL,
  `energia_kwh_dia` bigint(20) DEFAULT NULL,
  `emisiones_co2_ton` float DEFAULT NULL,
  `capacidad_mw` float DEFAULT NULL
) ENGINE=InnoDB DEFAULT CHARSET=utf8mb4 COLLATE=utf8mb4_general_ci;

--
-- Volcado de datos para la tabla `energia_emisiones`
--

INSERT INTO `energia_emisiones` (`id`, `proyecto_id`, `energia_kwh_dia`, `emisiones_co2_ton`, `capacidad_mw`) VALUES
(1, 1, 176832, 51635, 18.42),
(2, 2, 47040, 13736, 9.8),
(3, 3, 38688, 11297, 8.06),
(4, 4, 321600, 93907, 67),
(5, 5, 96000, 28032, 20),
(6, 6, 480, 140, 0.1),
(7, 7, 48, 14, 0.01),
(8, 8, 432, 126, 0.09),
(9, 9, 47520, 13876, 9.9),
(10, 10, 384, 112, 0.08),
(11, 11, 1200, 350, 0.25),
(12, 12, 960, 280, 0.2),
(13, 13, 720, 210, 0.15),
(14, 14, 95520, 27892, 19.9),
(15, 15, 14400, 4205, 3),
(16, 16, 7200, 2102, 1.5),
(17, 17, 2880, 841, 0.6),
(18, 18, 2640, 771, 0.55),
(19, 19, 1104, 322, 0.23),
(20, 20, 1008, 294, 0.21),
(21, 21, 1008, 294, 0.21),
(22, 22, 192, 56, 0.04),
(23, 23, 144, 42, 0.03),
(24, 24, 47520, 13876, 9.9),
(25, 25, 47520, 13876, 9.9),
(26, 26, 95520, 27892, 19.9),
(27, 27, 95520, 27892, 19.9),
(28, 28, 6720, 1962, 1.4),
(29, 29, 8352, 2439, 1.74),
(30, 30, 10800, 3154, 2.25),
(31, 31, 4176, 1219, 0.87),
(32, 32, 816, 238, 0.17),
(33, 33, 10560, 3084, 2.2),
(34, 34, 4800, 1402, 1),
(35, 35, 31392, 9166, 6.54),
(36, 36, 21792, 6363, 4.54),
(37, 37, 24288, 7092, 5.06),
(38, 38, 288, 84, 0.06),
(39, 39, 720, 210, 0.15),
(40, 40, 47184, 13778, 9.83),
(41, 41, 6336, 1850, 1.32),
(42, 42, 114816, 33526, 23.92),
(43, 43, 40224, 11745, 8.38),
(44, 44, 49344, 14408, 10.28),
(45, 45, 11472, 3350, 2.39),
(46, 46, 6048, 1766, 1.26),
(47, 47, 58080, 16959, 12.1),
(48, 48, 47520, 13876, 9.9),
(49, 49, 95520, 27892, 19.9),
(50, 50, 292800, 85498, 61),
(51, 51, 8880, 2593, 1.85),
(52, 52, 8640, 2523, 1.8),
(53, 53, 1440, 420, 0.3),
(54, 54, 48096, 14044, 10.02),
(55, 55, 5424, 1584, 1.13),
(56, 56, 11280, 3294, 2.35),
(57, 57, 47520, 13876, 9.9),
(58, 58, 191040, 55784, 19.9),
(59, 59, 816000, 238272, 170),
(60, 60, 47520, 13876, 9.9),
(61, 61, 21, 6, 1.2),
(62, 62, 95520, 27892, 19.9),
(63, 63, 85920, 25089, 17.9),
(64, 64, 14400, 4205, 3),
(65, 65, 47520, 13876, 9.9),
(66, 66, 47520, 13876, 9.9),
(67, 67, 47520, 13876, 9.9),
(68, 68, 95520, 27892, 19.9),
(69, 69, 47520, 13876, 9.9),
(70, 70, 432000, 126144, 90),
(71, 71, 47040, 13736, 9.8),
(72, 72, 95520, 27892, 19.9),
(73, 73, 95520, 27892, 19.9),
(74, 74, 475200, 138758, 99),
(75, 75, 95520, 27892, 19.9),
(76, 76, 95520, 27892, 19.9),
(77, 77, 95520, 27892, 19.9),
(78, 78, 47520, 13876, 9.9),
(79, 79, 92640, 27051, 19.3),
(80, 80, 47520, 13876, 9.9),
(81, 81, 29280, 8550, 6.1),
(82, 82, 479520, 140020, 99.9),
(83, 83, 115200, 33638, 12),
(84, 84, 41280, 12054, 8.6),
(85, 85, 47520, 13876, 9.9),
(86, 86, 124800, 36442, 26),
(87, 87, 28800, 8410, 6),
(88, 88, 67200, 19622, 14),
(89, 89, 2592000, 756864, 270),
(90, 90, 2035200, 594278, 212),
(91, 91, 28512, 8326, 5.94),
(92, 92, 47520, 13876, 9.9),
(93, 93, 47520, 13876, 9.9),
(94, 94, 47520, 13876, 9.9),
(95, 95, 47520, 13876, 9.9),
(96, 96, 47520, 13876, 9.9),
(97, 97, 47520, 13876, 9.9),
(98, 98, 47520, 13876, 9.9),
(99, 99, 33264, 9713, 6.93),
(100, 100, 66864, 19524, 13.93),
(101, 101, 66864, 19524, 13.93),
(102, 102, 105072, 30681, 21.89),
(103, 103, 28656, 8368, 5.97),
(104, 104, 85968, 25103, 17.91),
(105, 105, 91632, 26757, 19.09),
(106, 106, 417600, 121939, 87),
(107, 107, 286560, 83676, 59.7),
(108, 108, 576000, 168192, 120),
(109, 109, 960000, 280320, 200),
(110, 110, 17712, 5172, 3.69),
(111, 111, 20256, 5915, 4.22),
(112, 112, 19200, 5606, 4),
(113, 113, 19200, 5606, 4),
(114, 114, 4512, 1318, 0.94),
(115, 115, 480, 140, 0.1),
(116, 116, 8640, 2523, 1.8),
(117, 117, 16800, 4906, 3.5),
(118, 118, 19920, 5817, 4.15),
(119, 119, 2928, 855, 0.61),
(120, 120, 1440, 420, 0.3),
(121, 121, 26400, 7709, 5.5),
(122, 122, 6240, 1822, 1.3),
(123, 123, 1872288, 546708, 195.03),
(124, 124, 216000, 63072, 45),
(125, 125, 1692480, 494204, 176.3),
(126, 126, 720000, 210240, 75),
(127, 127, 384000, 112128, 80),
(128, 128, 480000, 140160, 100),
(129, 129, 95520, 27892, 19.9),
(130, 130, 47520, 13876, 9.9),
(131, 131, 3360000, 981120, 700),
(132, 132, 477600, 139459, 99.5),
(133, 133, 7200, 2102, 1.5),
(134, 134, 240000, 70080, 50),
(135, 135, 95040, 27752, 9.9),
(136, 136, 960000, 280320, 200),
(137, 137, 960000, 280320, 200),
(138, 138, 398400, 116333, 83),
(139, 139, 768000, 224256, 160),
(140, 140, 948960, 277096, 98.85),
(141, 141, 864000, 252288, 180),
(142, 142, 768000, 224256, 80),
(143, 143, 1898592, 554389, 197.77),
(144, 144, 2400000, 700800, 250),
(145, 145, 477600, 139459, 99.5),
(146, 146, 168000, 49056, 35),
(147, 147, 240000, 70080, 50),
(148, 148, 960000, 280320, 200),
(149, 149, 475200, 138758, 99),
(150, 150, 63840, 18641, 13.3),
(151, 151, 47520, 13876, 9.9),
(152, 152, 28512, 8326, 5.94),
(153, 153, 19008, 5550, 3.96),
(154, 154, 100800, 29434, 21),
(155, 155, 9120, 2663, 1.9),
(156, 156, 528, 154, 0.11);

-- --------------------------------------------------------

--
-- Estructura de tabla para la tabla `proyectos`
--

CREATE TABLE `proyectos` (
  `id` int(11) NOT NULL,
  `proyecto` varchar(255) DEFAULT NULL,
  `tipo` varchar(50) DEFAULT NULL,
  `capacidad` float DEFAULT NULL,
  `fecha_fpo` date DEFAULT NULL,
  `usuarios` int(11) DEFAULT NULL,
  `inversion_cop` bigint(20) DEFAULT NULL,
  `empleos_estimados` int(11) DEFAULT NULL,
  `ubicacion_id` int(11) DEFAULT NULL
) ENGINE=InnoDB DEFAULT CHARSET=utf8mb4 COLLATE=utf8mb4_general_ci;

--
-- Volcado de datos para la tabla `proyectos`
--

INSERT INTO `proyectos` (`id`, `proyecto`, `tipo`, `capacidad`, `fecha_fpo`, `usuarios`, `inversion_cop`, `empleos_estimados`, `ubicacion_id`) VALUES
(1, 'JEPIRACHI', 'Eólico', 18.42, '2004-04-27', 30665, 79206000000, 51, 1),
(2, 'AUTOG CELSIA SOLAR YUMBO', 'Solar', 9.8, '2017-03-09', 8157, 42140000000, 68, 2),
(3, 'CELSIA SOLAR BOLIVAR', 'Solar', 8.06, '2019-02-01', 6709, 34658000000, 56, 3),
(4, 'EL PASO SOLAR ', 'Solar', 67, '2019-04-05', 55769, 288100000000, 466, 4),
(5, 'SOLAR CASTILLA ECP', 'Solar', 20, '2019-10-10', 16647, 86000000000, 139, 5),
(6, 'AGPE TECNOEMPAQUES DE OCCIDENTE', 'Solar', 0.1, '2019-12-19', 83, 430000000, 1, 6),
(7, 'RADAR FAC SAN ANDRÉS', 'Solar', 0.01, '2019-12-30', 8, 43000000, 0, 7),
(8, 'AGPE SFV MCDONALDS SOLEDAD', 'Solar', 0.09, '2020-02-27', 75, 387000000, 1, 8),
(9, 'CELSIA SOLAR ESPINAL', 'Solar', 9.9, '2020-05-31', 8240, 42570000000, 69, 9),
(10, 'FEDERACIÓN NACIONAL DE CAFETEROS', 'Solar', 0.08, '2020-09-02', 67, 344000000, 1, 10),
(11, 'PANELES SOLARES ISA', 'Solar', 0.25, '2020-09-04', 208, 1075000000, 2, 11),
(12, 'SENA PEDREGAL', 'Solar', 0.2, '2020-09-04', 166, 860000000, 1, 11),
(13, 'UNGUÍA 181 HOGARES + 5 ESCUELAS', 'Solar', 0.15, '2020-09-07', 125, 645000000, 1, 12),
(14, 'BOSQUES SOLARES DE LOS LLANOS 1', 'Solar', 19.9, '2020-09-10', 16564, 85570000000, 139, 13),
(15, 'BAYUNCA 1', 'Solar', 3, '2020-09-30', 2497, 12900000000, 21, 14),
(16, 'PLASTICEL ', 'Solar', 1.5, '2020-10-01', 1249, 6450000000, 10, 2),
(17, 'UTP', 'Solar', 0.6, '2020-10-15', 499, 2580000000, 4, 15),
(18, 'AEROPUERTO', 'Solar', 0.55, '2020-10-15', 458, 2365000000, 4, 15),
(19, 'UKUMARI', 'Solar', 0.23, '2020-10-15', 191, 989000000, 2, 15),
(20, 'VIVA CERRITOS', 'Solar', 0.21, '2020-10-15', 175, 903000000, 1, 15),
(21, 'CENTRO COMERCIAL VICTORIA', 'Solar', 0.21, '2020-10-15', 175, 903000000, 1, 15),
(22, 'CENTRO COMERCIAL ALCIDES ARÉVALO', 'Solar', 0.04, '2020-10-15', 33, 172000000, 0, 15),
(23, 'LICEO PINO VERDE', 'Solar', 0.03, '2020-10-15', 25, 129000000, 0, 15),
(24, 'PÉTALO DE CÓRDOBA', 'Solar', 9.9, '2020-11-07', 8240, 42570000000, 69, 16),
(25, 'CARMELO', 'Solar', 9.9, '2020-12-30', 8240, 42570000000, 69, 17),
(26, 'BOSQUES SOLARES DE LOS LLANOS 2', 'Solar', 19.9, '2020-12-31', 16564, 85570000000, 139, 13),
(27, 'BOSQUES SOLARES DE LOS LLANOS 3', 'Solar', 19.9, '2020-12-31', 16564, 85570000000, 139, 13),
(28, 'GRUPO SEB', 'Solar', 1.4, '2020-12-31', 1165, 6020000000, 10, 18),
(29, 'AUTOGENERACIÓN PINTUCO', 'Solar', 1.74, '2021-01-26', 1448, 7482000000, 12, 18),
(30, 'SOL DE INIRÍDA', 'Solar', 2.25, '2021-02-17', 1873, 9675000000, 16, 19),
(31, 'EL SOL BRILLA PARA UNGUIA', 'Solar', 0.87, '2021-02-18', 724, 3741000000, 6, 12),
(32, 'COMPLEJO CENTRAL', 'Solar', 0.17, '2021-03-31', 142, 731000000, 1, 11),
(33, 'PUERTO DE CARTAGENA', 'Solar', 2.2, '2021-03-31', 1831, 9460000000, 15, 14),
(34, 'JOHNSON & JOHNSON', 'Solar', 1, '2021-03-31', 832, 4300000000, 7, 2),
(35, 'ESSA GD Y AG ', 'Solar', 6.54, '2022-05-31', 5444, 28122000000, 46, 20),
(36, 'CHEC GD Y AG ', 'Solar', 4.54, '2022-05-31', 3779, 19522000000, 32, 21),
(37, 'GRANJA SOLAR BELMONTE', 'Solar', 5.06, '2021-04-30', 4212, 21758000000, 35, 15),
(38, 'CENTRO DE LA INDUSTRIA, LA EMPRESA Y LOS SERVICIOS - SEDE INDUSTRIA HUILA', 'Solar', 0.06, '2021-07-15', 50, 258000000, 0, 22),
(39, 'CENTRO DE GESTIÓN Y DESARROLLO AGROINDUSTRIAL DE ARAUCA', 'Solar', 0.15, '2021-07-15', 125, 645000000, 1, 23),
(40, 'AFINIA GD Y AG ', 'Solar', 9.83, '2022-05-31', 8182, 42269000000, 68, 24),
(41, 'EBSA GD Y AG ', 'Solar', 1.32, '2022-05-31', 1099, 5676000000, 9, 25),
(42, 'EPM GD Y AG ', 'Solar', 23.92, '2022-05-31', 19910, 102856000000, 166, 11),
(43, 'CELSIA GD Y AG ', 'Solar', 8.38, '2022-05-31', 6975, 36034000000, 58, 6),
(44, 'ENEL GD Y AG ', 'Solar', 10.28, '2021-07-22', 8557, 44204000000, 72, 26),
(45, 'CENS GD Y AG ', 'Solar', 2.39, '2022-05-31', 1989, 10277000000, 17, 27),
(46, 'ENERCA GD Y AG', 'Solar', 1.26, '2021-07-22', 1049, 5418000000, 9, 28),
(47, 'AIRE GD Y AG', 'Solar', 12.1, '2021-07-22', 10072, 52030000000, 84, 29),
(48, 'LA PAILA', 'Solar', 9.9, '2021-08-07', 8240, 42570000000, 69, 30),
(49, 'LA SIERPE SOLAR', 'Solar', 19.9, '2021-08-31', 16564, 85570000000, 139, 31),
(50, 'SAN FERNANDO', 'Solar', 61, '2021-10-22', 50775, 262300000000, 425, 5),
(51, 'COMPLEJO SOLAR RELIANZ CAT', 'Solar', 1.85, '2021-11-25', 1540, 7955000000, 13, 32),
(52, 'ZONA FRANCA LA CAYENA', 'Solar', 1.8, '2021-11-25', 1498, 7740000000, 13, 29),
(53, 'COMPLEJO SUR BOGOTÁ', 'Solar', 0.3, '2021-12-10', 250, 1290000000, 2, 26),
(54, 'CEO GD Y AG ', 'Solar', 10.02, '2022-05-31', 8340, 43086000000, 70, 33),
(55, 'EDEQ GD Y AG ', 'Solar', 1.13, '2022-05-31', 941, 4859000000, 8, 34),
(56, 'ELECTROHUILA GD Y AG ', 'Solar', 2.35, '2022-05-31', 1956, 10105000000, 16, 22),
(57, 'GR PARQUE SOLAR TUCANES', 'Solar', 9.9, '2022-05-31', 8240, 42570000000, 69, 14),
(58, 'PARQUE EÓLICO GUAJIRA I', 'Eólico', 19.9, '2021-12-31', 33128, 85570000000, 55, 1),
(59, 'LA LOMA SOLAR ', 'Solar', 170, '2021-12-31', 141503, 731000000000, 1183, 4),
(60, 'DELPHI HELIOS 1 Fase 1', 'Solar', 9.9, '2022-02-23', 8240, 42570000000, 69, 35),
(61, 'Comando Aéreo No.1 de Palanquero', 'Solar', 1.2, '2022-03-06', 4, 5160000000, 8, 36),
(62, 'BOSQUES SOLARES DE LOS LLANOS 4', 'Solar', 19.9, '2022-05-31', 16564, 85570000000, 139, 13),
(63, 'BOSQUES SOLARES DE LOS LLANOS 5', 'Solar', 17.9, '2022-05-31', 14899, 76970000000, 125, 13),
(64, 'CABRESTERO', 'Solar', 3, '2022-04-15', 2497, 12900000000, 21, 37),
(65, 'LA MEDINA', 'Solar', 9.9, '2022-07-31', 8240, 42570000000, 69, 38),
(66, 'LOS CABALLEROS', 'Solar', 9.9, '2022-07-31', 8240, 42570000000, 69, 38),
(67, 'CERRITOS', 'Solar', 9.9, '2022-07-31', 8240, 42570000000, 69, 39),
(68, 'LA TOLUA', 'Solar', 19.9, '2023-03-02', 16564, 74625000000, 139, 40),
(69, 'TIERRA LINDA', 'Solar', 9.9, '2023-03-02', 8240, 37125000000, 69, 40),
(70, 'CSF SAN FELIPE ', 'Solar', 90, '2023-06-01', 74913, 337500000000, 626, 38),
(71, 'ALMA SOLAR I', 'Solar', 9.8, '2023-09-30', 8157, 9800000, 68, 23),
(72, 'SINCÉ', 'Solar', 19.9, '2022-07-31', 16564, 85570000000, 139, 41),
(73, 'PLANETA RICA', 'Solar', 19.9, '2022-12-31', 16564, 74625000000, 139, 16),
(74, 'CSF CARTAGO ', 'Solar', 99, '2023-07-01', 82405, 371250000000, 689, 42),
(75, 'GRANJA SOLAR KAIROS I', 'Solar', 19.9, '2023-06-30', 16564, 74625000000, 139, 27),
(76, 'GRANJA SOLAR KAIROS II', 'Solar', 19.9, '2023-06-30', 16564, 74625000000, 139, 27),
(77, 'GRANJA SOLAR KAIROS III', 'Solar', 19.9, '2023-06-30', 16564, 74625000000, 139, 27),
(78, 'PÉTALO DEL MAGDALENA I', 'Solar', 9.9, '2023-12-31', 8240, 37125000000, 69, 43),
(79, 'ATLANTICO SOLAR 1 ', 'Solar', 19.3, '2022-12-31', 16065, 72375000000, 134, 44),
(80, 'ATLANTICO SOLAR 2 ', 'Solar', 9.9, '2022-12-31', 8240, 37125000000, 69, 45),
(81, 'DELPHI HELIOS 1 Fase 2', 'Solar', 6.1, '2022-11-30', 5077, 22875000000, 42, 35),
(82, 'CAMPANO ', 'Solar', 99.9, '2023-09-30', 83154, 374625000000, 695, 40),
(83, 'WESP01', 'Eólico', 12, '2022-08-05', 19977, 51600000000, 33, 1),
(84, 'PARQUE SOLAR BADEL', 'Solar', 8.6, '2023-12-31', 7158, 32250000000, 60, 46),
(85, 'PARQUE SOLAR CORDOBITA', 'Solar', 9.9, '2023-03-31', 8240, 37125000000, 69, 47),
(86, 'BRISAS – YAGUARÁ – AIPE', 'Solar', 26, '2022-12-31', 21642, 97500000000, 181, 48),
(87, 'DEL RIO Y MAGDALENA ', 'Solar', 6, '2023-12-31', 4994, 22500000000, 42, 49),
(88, 'OCELOTE', 'Solar', 14, '2021-12-31', 11653, 52500000000, 97, 13),
(89, 'BETHA ', 'Eólico', 270, '2022-09-30', 449480, 1012500000000, 751, 50),
(90, 'ALPHA ', 'Eólico', 212, '2022-12-31', 352925, 795000000000, 589, 50),
(91, 'MELGAR PARTE 2', 'Solar', 5.94, '2022-11-30', 4944, 22275000000, 41, 51),
(92, 'ANDALUCÍA', 'Solar', 9.9, '2023-04-06', 8240, 37125000000, 69, 52),
(93, 'PÉTALO DE CÓRDOBA II', 'Solar', 9.9, '2023-03-01', 8240, 37125000000, 69, 40),
(94, 'PARQUE FOTOVOLTAICO SGDE', 'Solar', 9.9, '2023-04-30', 8240, 37125000000, 69, 53),
(95, 'PARQUE FOTOVOLTAICO JUMI', 'Solar', 9.9, '2023-04-30', 8240, 37125000000, 69, 32),
(96, 'PARQUE FOTOVOLTAICO PN1', 'Solar', 9.9, '2023-04-30', 8240, 37125000000, 69, 46),
(97, 'PARQUE FOTOVOLTAICO CRLI 1', 'Solar', 9.9, '2023-04-30', 8240, 37125000000, 69, 54),
(98, 'PARQUE FOTOVOLTAICO OLD-T', 'Solar', 9.9, '2023-04-30', 8240, 37125000000, 69, 55),
(99, 'YUMA PARTE 2', 'Solar', 6.93, '2023-01-16', 5768, 25987500000, 48, 56),
(100, 'FLANDES PARTE 2', 'Solar', 13.93, '2023-01-16', 11595, 52237500000, 97, 56),
(101, 'DULIMA PARTE 2', 'Solar', 13.93, '2023-01-16', 11595, 52237500000, 97, 56),
(102, 'PARQUE SOLAR LA VICTORIA 1 Y 2 PARTE 2', 'Solar', 21.89, '2023-04-25', 18221, 82087500000, 152, 30),
(103, 'DULIMA PARTE 1', 'Solar', 5.97, '2022-07-31', 4969, 22387500000, 42, 56),
(104, 'PARQUE SOLAR LA VICTORIA 1 Y 2 PARTE 1', 'Solar', 17.91, '2022-07-31', 14908, 67162500000, 125, 30),
(105, 'SAN ISIDRO', 'Solar', 19.09, '2023-07-31', 15890, 71587500000, 133, 57),
(106, 'RUBIALES', 'Solar', 87, '2023-11-30', 72416, 326250000000, 606, 13),
(107, 'CHICAMOCHA (1-3)', 'Solar', 59.7, '2023-06-30', 49692, 223875000000, 416, 58),
(108, 'PUERTA DE ORO Fase 1', 'Solar', 120, '2021-12-31', 99884, 450000000000, 835, 59),
(109, 'GUAYEPO FASE I', 'Solar', 200, '2023-05-31', 166474, 750000000000, 1392, 60),
(110, 'CORONA GIRARDOTA', 'Solar', 3.69, '2023-01-29', 3071, 13837500000, 26, 61),
(111, 'CETESA SUESCA', 'Solar', 4.22, '2023-01-29', 3513, 15825000000, 29, 62),
(112, 'CORONA SOPO', 'Solar', 4, '2023-01-29', 3329, 15000000000, 28, 63),
(113, 'CORONA MADRID', 'Solar', 4, '2023-01-29', 3329, 15000000000, 28, 64),
(114, 'ETERNIT SOACHA', 'Solar', 0.94, '2023-01-29', 782, 3525000000, 7, 65),
(115, 'CLUB LAGARTOS', 'Solar', 0.1, '2023-01-29', 83, 375000000, 1, 26),
(116, 'GASEOSAS LUX', 'Solar', 1.8, '2023-01-29', 1498, 6750000000, 13, 26),
(117, 'CENTRAL CERVECERA SESQUILÉ', 'Solar', 3.5, '2023-01-29', 2913, 13125000000, 24, 66),
(118, 'CARVAJAL GINEBRA', 'Solar', 4.15, '2023-01-29', 3454, 15562500000, 29, 67),
(119, 'ÉXITO CALI', 'Solar', 0.61, '2023-01-29', 508, 2287500000, 4, 6),
(120, 'ÉXITO POPAYÁN', 'Solar', 0.3, '2023-01-29', 250, 1125000000, 2, 33),
(121, 'POSTOBON MALAMBO', 'Solar', 5.5, '2023-01-29', 4578, 20625000000, 38, 53),
(122, 'HIPINTO PIEDECUESTA', 'Solar', 1.3, '2023-01-29', 1082, 4875000000, 9, 68),
(123, 'WINDPESHI', 'Eólico', 195.03, '2024-01-01', 324674, 731363000000, 542, 50),
(124, 'SOL DE GAMARRITA 1-3', 'Solar', 45, '2023-02-09', 37457, 168750000000, 313, 69),
(125, 'CASA ELÉCTRICA AES', 'Eólico', 176.3, '2024-01-01', 293494, 661125000000, 490, 1),
(126, 'APOTOLORRU AES', 'Eólico', 75, '2024-01-01', 124855, 281250000000, 209, 1),
(127, 'PV LA MATA', 'Solar', 80, '2023-12-31', 66590, 344000000000, 557, 70),
(128, 'PV LA UNIÓN', 'Solar', 100, '2023-12-31', 83237, 375000000000, 696, 24),
(129, 'PÉTALO DEL CESAR II', 'Solar', 19.9, '2024-02-29', 16564, 74625000000, 139, 71),
(130, 'PÉTALO DEL CESAR I', 'Solar', 9.9, '2024-02-29', 8240, 37125000000, 69, 72),
(131, 'SEBASTOSOL', 'Solar', 700, '2023-12-31', 582659, 2625000000000, 4872, 73),
(132, 'BOSQUES SOLARES DE BOLÍVAR ', 'Solar', 99.5, '2023-12-31', 82821, 373125000000, 693, 60),
(133, 'AQUASOL', 'Solar', 1.5, '2022-10-31', 1249, 5625000000, 10, 74),
(134, 'CARACOLÍ I', 'Solar', 50, '2023-08-31', 41618, 187500000000, 348, 53),
(135, 'PARQUE EÓLICO VIENTOS DE GALERAZAMBA', 'Eólico', 9.9, '2024-01-01', 16481, 37125000000, 28, 75),
(136, 'GUAYEPO FASE II', 'Solar', 200, '2023-12-31', 166474, 750000000000, 1392, 60),
(137, 'SIERRA', 'Solar', 200, '2023-05-12', 166474, 750000000000, 1392, 76),
(138, 'TEPUY', 'Solar', 83, '2023-07-31', 69087, 311250000000, 578, 36),
(139, 'SHANGRI-LA', 'Solar', 160, '2023-06-30', 133179, 600000000000, 1114, 10),
(140, 'CHEMESKY ', 'Eólico', 98.85, '2024-01-01', 164560, 370688000000, 275, 1),
(141, 'PUERTA DE ORO Fase 2', 'Solar', 180, '2021-12-31', 149827, 675000000000, 1253, 59),
(142, 'ACACIAS 2 ', 'Eólico', 80, '2023-11-01', 133179, 300000000000, 222, 50),
(143, 'TUMAWIND ', 'Eólico', 197.77, '2024-01-01', 329236, 741638000000, 550, 1),
(144, 'CAMELIA ', 'Eólico', 250, '2023-12-01', 416185, 937500000000, 695, 1),
(145, 'ESCOBAL 1 AL 5', 'Solar', 99.5, '2023-12-31', 82821, 373125000000, 693, 77),
(146, 'Parque Fotovoltaico Sunnorte', 'Solar', 35, '2023-12-31', 29133, 131250000000, 244, 78),
(147, 'Pubenza PSR2', 'Solar', 50, '2023-12-31', 41618, 187500000000, 348, 26),
(148, 'SABANALARGA', 'Solar', 200, '2024-04-09', 166474, 750000000000, 1392, 60),
(149, 'PARQUE SOLAR FOTOVOLTAICO FUNDACIÓN', 'Solar', 99, '2024-06-30', 82405, 371250000000, 689, 79),
(150, 'TULUÁ', 'Solar', 13.3, '2022-04-30', 11071, 57190000000, 93, 80),
(151, 'Parque Fotovoltaico Montelíbano Solar', 'Solar', 9.9, '2022-10-30', 8240, 37125000000, 69, 81),
(152, 'BUGA 1 PARTE 2', 'Solar', 5.94, '2022-12-31', 4944, 22275000000, 41, 82),
(153, 'BUGA 1 PARTE 1', 'Solar', 3.96, '2022-07-31', 3296, 14850000000, 28, 82),
(154, 'REFINERÍA GRB', 'Solar', 21, '2023-12-31', 17480, 78750000000, 146, 20),
(155, 'EMSA GD Y AG ', 'Solar', 1.9, '2022-05-31', 1582, 8170000000, 13, 35),
(156, 'ENELAR GD Y AG ', 'Solar', 0.11, '2022-05-31', 92, 473000000, 1, 23);

-- --------------------------------------------------------

--
-- Estructura de tabla para la tabla `ubicacion`
--

CREATE TABLE `ubicacion` (
  `id` int(11) NOT NULL,
  `departamento` varchar(100) DEFAULT NULL,
  `municipio` varchar(100) DEFAULT NULL,
  `codigo_departamento` int(11) DEFAULT NULL,
  `codigo_municipio` int(11) DEFAULT NULL
) ENGINE=InnoDB DEFAULT CHARSET=utf8mb4 COLLATE=utf8mb4_general_ci;

--
-- Volcado de datos para la tabla `ubicacion`
--

INSERT INTO `ubicacion` (`id`, `departamento`, `municipio`, `codigo_departamento`, `codigo_municipio`) VALUES
(1, 'LA GUAJIRA', 'URIBIA', 44, 44847),
(2, 'VALLE DEL CAUCA', 'YUMBO', 76, 76892),
(3, 'BOLÍVAR', 'SANTA ROSA', 13, 13683),
(4, 'CESAR', 'EL PASO', 20, 20250),
(5, 'META', 'CASTILLA LA NUEVA', 50, 50150),
(6, 'VALLE DEL CAUCA', 'CALI', 76, 76001),
(7, 'SAN ANDRÉS Y PROVIDENCIA', 'SAN ANDRÉS', 88, 88001),
(8, 'ATLÁNTICO', 'SOLEDAD', 8, 8758),
(9, 'TOLIMA', 'ESPINAL', 73, 73268),
(10, 'TOLIMA', 'IBAGUÉ', 73, 73001),
(11, 'ANTIOQUIA', 'MEDELLÍN', 5, 5001),
(12, 'CHOCÓ', 'UNGUÍA', 27, 27800),
(13, 'META', 'PUERTO GAITÁN', 50, 50568),
(14, 'BOLÍVAR', 'CARTAGENA DE INDIAS', 13, 13001),
(15, 'RISARALDA', 'PEREIRA', 66, 66001),
(16, 'CÓRDOBA', 'PLANETA RICA', 23, 23555),
(17, 'VALLE DEL CAUCA', 'CANDELARIA', 76, 76130),
(18, 'ANTIOQUIA', 'RIONEGRO', 5, 5615),
(19, 'GUAINÍA', 'INÍRIDA', 94, 94001),
(20, 'SANTANDER', 'BARRANCABERMEJA', 68, 68081),
(21, 'CALDAS', 'MANIZALES', 17, 17001),
(22, 'HUILA', 'NEIVA', 41, 41001),
(23, 'ARAUCA', 'ARAUCA', 81, 81001),
(24, 'CÓRDOBA', 'MONTERÍA', 23, 23001),
(25, 'BOYACÁ', 'TUNJA', 15, 15001),
(26, 'BOGOTÁ D.C.', 'BOGOTÁ D.C.', 11, 11001),
(27, 'NORTE DE SANTANDER', 'SAN JOSÉ DE CÚCUTA', 54, 54001),
(28, 'CASANARE', 'YOPAL', 85, 85001),
(29, 'ATLÁNTICO', 'BARRANQUILLA', 8, 8001),
(30, 'VALLE DEL CAUCA', 'ZARZAL', 76, 76895),
(31, 'SUCRE', 'SAN BENITO ABAD', 70, 70678),
(32, 'ATLÁNTICO', 'GALAPA', 8, 8296),
(33, 'CAUCA', 'POPAYÁN', 19, 19001),
(34, 'QUINDÍO', 'ARMENIA', 63, 63001),
(35, 'META', 'VILLAVICENCIO', 50, 50001),
(36, 'CALDAS', 'LA DORADA', 17, 17380),
(37, 'CASANARE', 'VILLANUEVA', 85, 85440),
(38, 'TOLIMA', 'ARMERO', 73, 73055),
(39, 'TOLIMA', 'SAN SEBASTIÁN DE MARIQUITA', 73, 73443),
(40, 'CÓRDOBA', 'CHINÚ', 23, 23182),
(41, 'SUCRE', 'SAN LUIS DE SINCÉ', 70, 70742),
(42, 'VALLE DEL CAUCA', 'CARTAGO', 76, 76147),
(43, 'MAGDALENA', 'ZONA BANANERA', 47, 47980),
(44, 'ATLÁNTICO', 'BARANOA', 8, 8078),
(45, 'ATLÁNTICO', 'POLONUEVO', 8, 8558),
(46, 'BOLÍVAR', 'ARJONA', 13, 13052),
(47, 'MAGDALENA', 'CIÉNAGA', 47, 47189),
(48, 'HUILA', 'YAGUARÁ', 41, 41885),
(49, 'BOLÍVAR', 'CANTAGALLO', 13, 13160),
(50, 'LA GUAJIRA', 'MAICAO', 44, 44430),
(51, 'TOLIMA', 'MELGAR', 73, 73449),
(52, 'VALLE DEL CAUCA', 'ANDALUCÍA', 76, 76036),
(53, 'ATLÁNTICO', 'MALAMBO', 8, 8433),
(54, 'ATLÁNTICO', 'MANATÍ', 8, 8436),
(55, 'SUCRE', 'SAN JOSÉ DE TOLUVIEJO', 70, 70823),
(56, 'TOLIMA', 'FLANDES', 73, 73275),
(57, 'CAUCA', 'PUERTO TEJADA', 19, 19573),
(58, 'SANTANDER', 'LOS SANTOS', 68, 68418),
(59, 'CUNDINAMARCA', 'GUADUAS', 25, 25320),
(60, 'ATLÁNTICO', 'SABANALARGA', 8, 8638),
(61, 'ANTIOQUIA', 'GIRARDOTA', 5, 5308),
(62, 'CUNDINAMARCA', 'SUESCA', 25, 25772),
(63, 'CUNDINAMARCA', 'SOPÓ', 25, 25758),
(64, 'CUNDINAMARCA', 'MADRID', 25, 25430),
(65, 'CUNDINAMARCA', 'SOACHA', 25, 25754),
(66, 'CUNDINAMARCA', 'SESQUILÉ', 25, 25736),
(67, 'VALLE DEL CAUCA', 'GINEBRA', 76, 76306),
(68, 'SANTANDER', 'PIEDECUESTA', 68, 68547),
(69, 'CESAR', 'AGUACHICA', 20, 20011),
(70, 'CESAR', 'LA GLORIA', 20, 20383),
(71, 'NORTE DE SANTANDER', 'LA ESPERANZA', 54, 54385),
(72, 'CESAR', 'CHIRIGUANÁ', 20, 20178),
(73, 'SANTANDER', 'CIMITARRA', 68, 68190),
(74, 'CÓRDOBA', 'TIERRAALTA', 23, 23),
(75, 'BOLÍVAR', 'SANTA CATALINA', 13, 13673),
(76, 'ANTIOQUIA', 'PUERTO NARE', 5, 5585),
(77, 'TOLIMA', 'ALVARADO', 73, 73026),
(78, 'NORTE DE SANTANDER', 'OCAÑA', 54, 54),
(79, 'MAGDALENA', 'FUNDACIÓN', 47, 47288),
(80, 'VALLE DEL CAUCA', 'TULUÁ', 76, 76834),
(81, 'CÓRDOBA', 'MONTELÍBANO', 23, 23),
(82, 'VALLE DEL CAUCA', 'BUGA', 76, 76);

--
-- Índices para tablas volcadas
--

--
-- Indices de la tabla `energia_emisiones`
--
ALTER TABLE `energia_emisiones`
  ADD PRIMARY KEY (`id`),
  ADD KEY `proyecto_id` (`proyecto_id`);

--
-- Indices de la tabla `proyectos`
--
ALTER TABLE `proyectos`
  ADD PRIMARY KEY (`id`),
  ADD KEY `ubicacion_id` (`ubicacion_id`);

--
-- Indices de la tabla `ubicacion`
--
ALTER TABLE `ubicacion`
  ADD PRIMARY KEY (`id`);

--
-- AUTO_INCREMENT de las tablas volcadas
--

--
-- AUTO_INCREMENT de la tabla `energia_emisiones`
--
ALTER TABLE `energia_emisiones`
  MODIFY `id` int(11) NOT NULL AUTO_INCREMENT, AUTO_INCREMENT=157;

--
-- AUTO_INCREMENT de la tabla `proyectos`
--
ALTER TABLE `proyectos`
  MODIFY `id` int(11) NOT NULL AUTO_INCREMENT, AUTO_INCREMENT=157;

--
-- AUTO_INCREMENT de la tabla `ubicacion`
--
ALTER TABLE `ubicacion`
  MODIFY `id` int(11) NOT NULL AUTO_INCREMENT, AUTO_INCREMENT=83;

--
-- Restricciones para tablas volcadas
--

--
-- Filtros para la tabla `energia_emisiones`
--
ALTER TABLE `energia_emisiones`
  ADD CONSTRAINT `energia_emisiones_ibfk_1` FOREIGN KEY (`proyecto_id`) REFERENCES `proyectos` (`id`);

--
-- Filtros para la tabla `proyectos`
--
ALTER TABLE `proyectos`
  ADD CONSTRAINT `proyectos_ibfk_1` FOREIGN KEY (`ubicacion_id`) REFERENCES `ubicacion` (`id`);
COMMIT;

/*!40101 SET CHARACTER_SET_CLIENT=@OLD_CHARACTER_SET_CLIENT */;
/*!40101 SET CHARACTER_SET_RESULTS=@OLD_CHARACTER_SET_RESULTS */;
/*!40101 SET COLLATION_CONNECTION=@OLD_COLLATION_CONNECTION */;
